id,name,region,latitude,longitude,elevation,wmo,icao,hourly_start,hourly_end
03405,Aberdaron,WLS,52.7833,-4.7333,95,03405,,2018-01-27,2026-10-04
03091,Aberdeen / Dyce,,57.2,-2.2167,65,03091,EGPD,1931-01-01,2026-10-04
03502,Aberporth,WLS,52.1333,-4.5667,133,03502,EGUC,1973-01-01,2026-10-04
03562,Alconbury Royal Air Force Base,ENG,52.3667,-0.2167,49,03562,EGWZ,1999-05-15,2005-07-10
03891,Alderney / Butes / Newtown,ENG,49.7167,-2.2,71,03891,EGJA,1987-07-04,2026-10-04
03044,Altnaharra,SCT,58.2833,-4.4333,81,03044,,2018-01-27,2026-10-04
03372,Barkston Heath / Honington / Welby,ENG,52.9667,-0.5667,112,03372,EGYE,1996-12-16,2026-10-04
03035,Barra,SCT,57.0333,-7.45,3,03035,EGPR,1987-06-24,2007-07-10
03560,Bedford,ENG,52.2167,-0.4833,85,03560,,2018-01-27,2026-10-04
03917,Belfast / Aldergrove Airport,NIR,54.65,-6.2167,81,03917,EGAA,1931-01-01,2026-10-04
03924,Belfast / Harbour,NIR,54.6,-5.8833,5,03924,EGAC,1973-01-01,2026-10-04
03022,Benbecula,SCT,57.4667,-7.3667,6,03022,EGPL,1973-01-01,2026-10-04
03658,Benson,ENG,51.6167,-1.0833,63,03658,EGUB,1973-01-01,2026-10-04
03596,Bentwaters / Rendlesham,ENG,52.1333,1.4333,26,03596,EGVJ,1993-01-04,1993-03-31
EGKB0,Biggin Hill / berry's green,ENG,51.3167,0.0333,183,,EGKB,1988-01-05,2026-10-04
03534,Birmingham / Airport,ENG,52.45,-1.7333,99,03534,EGBB,1973-01-01,2026-10-04
03318,Blackpool Airport,ENG,53.7667,-3.0333,10,03318,EGNH,1973-01-01,2026-10-04
03746,Boscombe Down,ENG,51.1667,-1.75,124,03746,EGDM,1931-01-01,2026-10-04
03240,Boulmer,SCT,55.4167,-1.6,23,03240,EGQM,1975-10-01,2026-10-04
03862,Bournemouth Airport,ENG,50.7833,-1.8333,11,03862,EGHH,1973-01-01,2026-10-04
03763,Bracknell / Beaufort Park,ENG,51.3833,-0.7833,74,03763,EGRR,1973-01-01,2023-01-31
03292,Bridlington Mrsc,ENG,54.1,-0.1667,15,03292,,2018-01-27,2026-10-04
EGTG0,Bristol / Filton,ENG,51.5167,-2.5833,69,,EGTG,1994-07-18,2018-10-15
03649,Brize Norton,ENG,51.75,-1.5833,88,03649,EGVN,1951-08-01,2026-10-04
03416,Burnhill Green,ENG,52.63,-2.3,83,03416,EGWC,1994-08-31,2026-10-04
EGCK0,Caernarfon / Llandwrog,WLS,53.1042,-4.3403,0,,EGCK,2020-01-14,2026-10-04
03808,Camborne,ENG,50.2167,-5.3167,87,03808,,2018-01-27,2026-10-04
EGSC0,Cambridge / Teversham,ENG,52.2,0.1833,15,,EGSC,1977-02-01,2026-10-02
03715,Cardiff-Wales Airport,WLS,51.4,-3.35,67,03715,EGFF,1973-01-01,2026-10-04
03220,Carlisle,ENG,54.9333,-2.9667,28,03220,,2018-01-27,2026-10-04
03222,Carlisle,ENG,54.9333,-2.95,26,03222,EGNC,1973-01-01,2020-03-27
03158,Charterhall,SCT,55.7,-2.3833,112,03158,,2018-01-27,2026-10-04
03707,Chivenor,ENG,51.0833,-4.15,8,03707,EGDC,1973-01-01,2025-08-24
03355,Church Fenton,ENG,53.8333,-1.2,9,03355,EGXG,1973-01-01,2013-12-19
EGUO0,Colerne,ENG,51.4391,-2.2864,180,,EGUO,1942-05-27,2024-01-24
03495,Coltishall,ENG,52.4333,1.35,20,03495,EGYC,1973-01-01,2006-04-04
03391,Coningsby Royal Air Force Base,ENG,53.0833,-0.1667,7,03391,EGXC,1943-10-25,2026-10-04
03453,Cottesmore,ENG,52.7333,-0.65,138,03453,EGXJ,1973-01-01,2011-11-09
EGBE0,Coventry / Baginton,ENG,52.3667,-1.4833,82,,EGBE,1988-06-04,2017-07-18
EGTC0,Cranfield,ENG,52.0667,-0.6167,111,,EGTC,1990-02-08,2026-10-04
03379,Cranwell,ENG,53.0333,-0.5,67,03379,EGYD,1931-01-01,2026-10-04
03809,Culdrose,ENG,50.0833,-5.25,78,03809,EGDR,1973-01-01,2026-10-04
03261,Disforth,ENG,54.1333,-1.4167,36,03261,EGXD,1992-05-01,2016-06-06
EGXS0,Donna Nook / Donnanook / North Somercotes,LIN,53.4749,0.1521,3,,EGXS,2011-05-12,2026-10-04
03163,Dundee / Invergowrie / Balmerino / Wormit,SCT,56.45,-3.0167,4,03163,EGPN,1983-12-20,2026-10-04
03263,Durham Tees Valley / Long Newton,ENG,54.5167,-1.4167,37,03263,EGNV,1973-12-23,2026-10-04
EGNX0,East Midlands / Castle Donington,ENG,52.8333,-1.3333,94,,EGNX,1973-06-29,2026-10-04
03160,Edinburgh Airport,SCT,55.95,-3.35,41,03160,EGPH,1973-01-01,2026-10-04
EGAE0,Eglinton / Greysteel,NIR,55.05,-7.15,9,,EGAE,1990-04-24,2026-10-04
03162,Eskdalemuir,SCT,55.3167,-3.2,242,03162,,2018-01-27,2026-10-04
03839,Exeter Airport,ENG,50.7333,-3.4167,30,03839,EGTE,1973-01-01,2026-10-04
03644,Fairford Royal Air Force Base,ENG,51.6833,-1.7833,87,03644,EGVA,1952-06-10,2026-10-04
03768,Farnborough,ENG,51.2833,-0.7667,65,03768,EGLF,1988-05-01,2026-10-04
03766,Farnborough Military,ENG,51.2833,-0.7667,72,03766,EGUF,1931-01-01,2005-10-11
03628,Filton / Charlton,ENG,51.5219,-2.5772,56,03628,,2018-01-27,2018-10-15
03140,Glasgow Airport,SCT,55.8667,-4.4333,8,03140,EGPF,1931-01-01,2026-10-04
EGBJ0,Gloucestershire / Staverton,ENG,51.9,-2.1667,29,,EGBJ,1977-10-02,2026-10-04
EGSD0,Great Yarmouth - North Denes / Caister-on-Sea,ENG,52.6344,1.7228,2,,EGSD,2010-11-07,2015-04-30
EGVI0,Greenham Common / Shaw,ENG,51.3833,-1.2833,122,,EGVI,1976-04-28,1992-04-17
03321,Hawarden,WLS,53.1667,-2.9833,10,03321,EGNR,1985-09-04,2026-10-04
EGUH0,High Wycombe / Sands,ENG,51.6333,-0.7667,75,,EGUH,2004-09-01,2004-12-20
03469,Holbeach,ENG,52.8667,0.15,3,03469,EGYH,1985-12-01,2026-10-04
EGNJ0,Humberside / Kirmington,ENG,53.5833,-0.35,31,,EGNJ,1975-02-10,2026-10-04
03059,Inverness / Dalcross,SCT,57.5333,-4.05,9,03059,EGPE,1973-01-02,2026-10-04
EGPI0,Islay / Kintra,SCT,55.6833,-6.25,18,,EGPI,2004-05-10,2026-10-04
03204,Isle of Man / Ronaldsway Airport,ENG,54.0833,-4.6333,17,03204,EGNS,1973-01-01,2026-10-04
03895,Jersey Airport,,49.2167,-2.2,84,03895,EGJJ,1973-01-01,2026-10-04
EGBP0,Kemble / Rodmarton,ENG,51.6681,-2.0569,132,,EGBP,1988-01-05,1992-03-31
03781,Kenley,ENG,51.3,-0.0833,170,03781,,2018-01-27,2026-10-04
03066,Kinloss,SCT,57.65,-3.5667,7,03066,EGQK,1973-01-01,2026-10-04
03017,Kirkwall Airport,SCT,58.95,-2.9,21,03017,EGPA,1973-01-01,2026-10-04
03583,Lakenheath Royal Air Force Base,ENG,52.4167,0.5667,10,03583,EGUL,1999-01-02,2026-10-04
EGHC0,Land's End / Lands End / Crows-an-Wra,ENG,50.1028,-5.6706,122,,EGHC,1973-03-08,2026-10-03
03743,Larkhill,ENG,51.2,-1.8,132,03743,,2018-01-27,2026-10-04
EGTI0,Leavesden / North Watford,ENG,51.6833,-0.4167,102,,EGTI,1973-01-01,1995-04-09
03384,Leconfield,ERY,53.8667,-0.4333,6,03384,EGXV,1981-01-12,2026-10-04
EGNM0,Leeds And Bradford / Yeadon,ENG,53.8667,-1.65,208,,EGNM,1988-01-05,2026-10-04
03257,Leeming,ENG,54.3,-1.5333,40,03257,EGXE,1973-01-01,2026-10-04
03005,Lerwick,ZET,60.1333,-1.1833,82,03005,,2018-01-27,2026-10-04
03171,Leuchars,SCT,56.3833,-2.8667,12,03171,EGQL,1931-01-01,2026-10-04
03266,Linton-On-Ouse,ENG,54.05,-1.25,16,03266,EGXU,1973-01-01,2022-07-04
EGOD0,Llanbedr,WLS,52.8167,-4.1333,9,,EGOD,1994-05-03,2007-02-27
EGLC0,London / Abbey Wood,ENG,51.5,0.1167,5,,EGLC,1988-01-29,2026-10-04
03673,London / Chiltern Green / Newmill End / Stopsley / Lilley,ENG,51.8667,-0.3667,160,03673,EGGW,1988-01-05,2026-10-04
03776,London Gatwick Airport,ENG,51.15,-0.1833,62,03776,EGKK,1973-01-01,2026-10-03
03772,London Heathrow Airport,ENG,51.4833,-0.45,24,03772,EGLL,1948-12-01,2026-10-04
03779,London Weather Centre,ENG,51.5167,-0.1167,5,03779,EGRB,1992-04-01,2010-02-01
03068,Lossiemouth,SCT,57.7167,-3.3167,13,03068,EGQS,1973-01-03,2026-10-04
03724,Lulsgate Bottom,ENG,51.38,-2.72,189,03724,EGGD,1988-01-05,2026-10-04
03740,Lyneham,ENG,51.5,-1.9833,145,03740,EGDL,1973-01-01,2026-10-04
03111,Machrihanish,SCT,55.4333,-5.7,13,03111,EGQJ,1973-01-01,2025-08-24
03334,Manchester Airport,ENG,53.35,-2.2833,69,03334,EGCC,1933-09-30,2026-10-04
03797,Manston,ENG,51.35,1.35,55,03797,EGUM,2018-01-27,2026-10-04
03801,Manston,ENG,51.34,1.34,55,03801,EGMH,1934-08-01,2025-08-24
03482,Marham,ENG,52.65,0.5667,23,03482,EGYM,1949-04-01,2026-10-04
03749,Middle Wallop,ENG,51.15,-1.5667,91,03749,EGVP,1973-08-09,2026-10-04
03577,Mildenhall Royal Air Force Base,ENG,52.3667,0.4833,10,03577,EGUN,1999-01-01,2026-10-04
03604,Milford Haven,WLS,51.7,-5.05,44,03604,,2018-01-27,2026-10-04
03243,Newcastle / Dinnington / Ponteland / Hazlerigg,SCT,55.0333,-1.7,81,03243,EGNT,1988-01-05,2026-10-04
EGHQ0,Newquay Cornwall / Saint Mawgan,ENG,50.4406,-4.9954,119,,EGHQ,2020-01-14,2026-10-04
EGXN0,Newton / Saxondale,ENG,52.9667,-0.9833,55,,EGXN,1995-02-10,2001-11-03
03672,Northolt,ENG,51.55,-0.4167,38,03672,EGWU,1973-01-01,2026-10-04
03492,Norwich Weather Centre,ENG,52.6333,1.3,14,03492,EGSH,1987-12-02,2026-10-04
03354,Nottingham Weather Centre,ENG,53.0,-1.25,117,03354,,2018-01-27,2026-10-04
EGEO0,Oban / Connel,SCT,56.4635,-5.3997,6,,EGEO,1978-09-02,2026-10-04
03761,Odiham,ENG,51.2333,-0.95,123,03761,EGVO,1973-01-01,2026-10-04
EGTK0,Oxford (Kidlington) / Shipton On Cherwell,ENG,51.8369,-1.32,82,,EGTK,2020-01-14,2026-10-04
03605,Pembrey Sands,WLS,51.7167,-4.3667,3,03605,EGOP,1993-03-01,2026-10-04
EGPT0,Perth / Saint Martins,SCT,56.45,-3.3667,121,,EGPT,1990-04-25,1992-01-31
03827,Plymouth,ENG,50.35,-4.1167,50,03827,EGDB,1973-01-01,2026-10-04
EGHD0,Plymouth / Crown Hill,ENG,50.4167,-4.1167,25,,EGHD,1988-03-18,2011-12-23
03858,Portland / Rnas,ENG,50.5667,-2.45,3,03858,EGDP,1973-01-08,2002-07-26
03135,Prestwick Airport,SCT,55.5,-4.5833,20,03135,EGPK,1944-01-01,2026-10-04
03136,Prestwick Rnas,SCT,55.5167,-4.5833,26,03136,,2018-01-27,2026-10-04
03817,Saint Mawgan,ENG,50.4333,-5.0,119,03817,EGDG,1973-01-01,2008-12-01
03373,Scampton,ENG,53.3069,-0.5481,62,03373,EGXP,1973-01-01,2022-11-01
EGPM0,Scatsa / Scatsta / Brae,SCT,60.4333,-1.3,22,,EGPM,1981-10-15,2020-07-01
EGRI0,Schiehallion (oil Rig),,60.33,-4.33,47,,EGRI,2013-03-12,2013-03-26
03803,"Scilly, Saint Mary'S",ENG,49.9167,-6.3,31,03803,EGHE,1986-01-01,2026-10-03
03487,Sculthorpe / Tattersett,ENG,52.85,0.7667,65,03487,EGUP,1950-03-08,1990-08-27
03414,Shawbury,ENG,52.8,-2.6667,76,03414,EGOS,1973-01-01,2026-10-04
03520,Shobdon,ENG,52.25,-2.8833,99,03520,,2018-01-27,2026-10-04
03876,Shoreham Airport,ENG,50.8333,-0.2833,2,03876,EGKA,1986-12-06,2026-10-04
03865,Southampton / Weather Centre,ENG,50.9,-1.4,9,03865,EGHI,1973-01-01,2026-10-04
03691,Southend-On-Sea / Sutton / Prittlewell / Rochford,ENG,51.5667,0.7,15,03691,EGMC,1988-01-05,2026-10-04
03165,Spadeadam,SCT,55.05,-2.55,325,03165,EGOM,1992-09-11,2026-10-04
03716,St. Athan / Stathan [MISSPELLING] / Boverton,WLS,51.4053,-3.4408,50,03716,EGDX,2001-07-06,2025-08-24
03683,Stansted Airport,ENG,51.8833,0.2333,106,03683,EGSS,1973-01-01,2026-10-04
03026,Stornoway,,58.2167,-6.3167,9,03026,EGPO,1931-01-01,2026-10-04
EGCS0,Sturgate,ENG,53.3811,-0.6856,9,,EGCS,1943-09-14,1957-06-13
03003,Sumburgh Cape,SCT,59.8833,-1.3,5,03003,EGPB,1977-01-19,2026-10-04
EGFH0,Swansea / Ilston,WLS,51.6,-4.0667,90,,EGFH,1977-04-28,1999-01-27
03062,Tain Range,SCT,57.8167,-3.9667,4,03062,EGQA,1989-10-23,2026-10-04
03100,Tiree,SCT,56.5,-6.8833,12,03100,EGPU,1931-01-01,2026-10-04
03264,Topcliffe / Dalton,ENG,54.2,-1.3833,28,03264,EGXZ,1994-12-14,2026-10-04
EGPW0,Unst Island / Baltasound,SCT,60.7333,-0.8167,285,,EGPW,1973-01-01,2025-08-24
03302,Valley,WLS,53.25,-4.5333,1,03302,EGOV,1931-01-01,2026-10-04
03377,Waddington,ENG,53.1667,-0.5167,68,03377,EGXW,1950-09-26,2026-10-04
03392,Wainfleet,ENG,53.0833,0.2667,3,03392,EGYW,1984-06-14,2025-08-24
03214,Walney Island,ENG,54.1167,-3.25,15,03214,EGNL,1983-08-04,2025-08-24
03590,Wattisham,ENG,52.1167,0.9667,87,03590,EGUW,1973-01-01,2026-10-04
03132,West Freugh,SCT,54.85,-4.95,11,03132,EGOY,1983-08-04,2026-10-04
EGVT0,Wethersfield,ENG,51.9667,0.5,101,,EGVT,1989-03-04,1990-01-22
03075,Wick,HLD,58.45,-3.0833,39,03075,EGPC,1931-01-01,2026-10-04
03547,Willey,ENG,52.45,-1.25,134,03547,EGBC,1973-08-16,1977-02-03
03462,Wittering,ENG,52.6167,-0.4667,84,03462,EGXT,1973-03-01,2026-10-04
03595,Woodbridge / Shottisham / Hollesley / Horley,ENG,52.0833,1.4,29,03595,EGVG,1954-10-01,2007-03-07
03566,Wyton Royal Air Force Base,ENG,52.35,-0.1167,41,03566,EGUY,1950-10-03,2015-10-04
03853,Yeovilton,ENG,51.0,-2.6333,23,03853,EGDY,1973-01-01,2026-10-04
